equipment_id,temperature,vibration,pressure,runtime_hours,fuel_rate,last_maintenance,failure
E007,64.4,1.59,151.2,386,15.72,34,0
E020,52.2,2.93,141.3,245,11.89,53,0
E015,81.6,2.54,117.5,236,9.39,61,0
E011,87.8,3.27,103.8,103,13.57,68,1
E008,84.7,4.12,128.5,6,12.66,81,1
E007,64.7,1.04,119.1,282,14.34,15,0
E019,90.4,2.8,143.3,0,12.91,7,0
E011,73.0,1.61,87.5,218,7.98,88,0
E011,70.9,3.13,152.8,463,12.83,89,1
E004,72.8,2.28,128.0,229,13.08,85,0
E008,80.8,2.52,107.8,454,15.9,30,1
E003,65.2,1.47,131.0,171,11.91,9,0
E002,79.6,2.16,139.5,86,19.04,55,0
E012,84.3,2.57,121.7,40,8.27,75,0
E006,91.1,3.58,93.5,122,17.93,69,1
E002,81.8,1.86,115.6,330,13.33,19,0
E001,66.6,2.06,135.6,297,16.58,4,0
E012,81.5,3.26,127.4,372,14.24,22,1
E012,69.4,1.81,117.7,416,17.42,8,0
E017,68.8,3.41,139.6,177,12.84,57,0
E010,66.4,2.49,131.1,62,10.7,58,0
E016,60.9,2.74,132.2,483,18.26,79,0
E015,74.3,2.79,113.8,164,13.66,53,0
E015,91.3,2.01,112.4,488,14.66,45,1
E019,102.6,2.81,94.5,186,17.7,21,1
E012,74.3,1.88,116.1,382,10.9,63,0
E020,90.9,2.1,134.0,208,15.79,7,1
E003,76.1,2.95,116.9,226,12.23,19,1
E005,63.5,2.73,126.7,431,13.6,50,0
E019,87.0,2.44,136.7,388,14.22,77,1
E007,82.3,1.49,125.6,47,9.5,38,0
E009,98.2,1.69,127.1,223,11.66,36,1
E007,64.7,2.72,99.6,2,18.05,49,0
E018,108.0,3.09,115.2,371,16.66,33,1
E004,95.9,1.61,145.9,174,13.81,74,1
E014,79.8,1.83,121.6,445,14.73,32,0
E018,77.0,2.61,148.5,98,13.12,30,0
E009,72.8,2.59,109.2,115,18.07,53,0
E002,81.1,1.2,123.5,269,13.4,43,1
E020,78.2,2.63,114.3,446,14.7,33,0
E015,85.1,2.02,128.9,367,17.44,70,0
E007,77.1,3.81,133.4,252,11.67,61,1
E012,94.1,2.7,129.0,316,18.68,22,1
E008,81.3,2.84,135.6,414,9.41,45,0
E015,77.4,2.86,119.8,94,18.89,55,0
E003,90.2,1.53,117.1,272,12.88,6,1
E014,63.8,4.06,93.6,379,13.27,88,0
E017,83.4,1.2,129.6,23,8.33,60,0
E004,80.3,3.14,122.6,115,12.64,2,1
E018,65.9,2.99,119.0,150,10.88,37,0
E008,62.9,2.12,117.1,337,12.18,83,0
E004,90.1,3.03,119.4,49,13.59,33,0
E002,89.6,2.25,116.5,205,16.87,43,1
E006,81.7,1.96,112.1,497,14.62,29,1
E010,97.2,2.88,123.6,334,14.92,16,1
E004,84.4,1.69,127.3,78,10.71,58,0
E018,92.5,2.32,108.4,69,11.36,9,1
E012,84.2,2.02,114.0,26,19.4,83,0
E002,77.2,2.23,116.9,270,11.79,17,0
E010,69.4,2.85,120.1,49,18.97,44,0
E004,74.0,2.02,118.1,291,13.27,58,0
E014,77.4,2.35,129.9,246,14.01,61,0
E016,93.6,2.1,95.2,263,17.21,58,1
E015,87.7,3.66,97.9,78,17.82,48,1
E008,83.3,2.77,122.9,386,13.67,62,0
E014,88.7,2.68,111.0,189,12.84,86,1
E008,85.3,3.05,133.3,46,13.83,31,1
E016,82.6,2.02,137.5,460,15.01,9,0
E013,65.0,3.19,123.5,360,16.67,10,0
E018,91.4,2.78,103.9,353,14.01,69,1
E015,75.4,1.25,135.8,471,15.86,61,0
E013,90.9,1.36,123.0,487,18.92,46,1
E009,91.9,2.04,97.7,351,15.14,33,1
E015,73.3,1.44,99.0,188,14.93,16,0
E013,89.5,2.31,142.8,415,9.44,53,0
E001,76.4,1.69,140.3,255,6.11,75,0
E007,76.4,2.42,82.2,221,15.17,84,0
E009,82.6,3.63,99.6,371,13.72,39,1
E001,82.8,2.46,137.1,240,12.46,18,0
E012,80.4,2.26,119.7,268,14.73,66,0
E008,66.7,2.81,130.5,0,13.82,81,0
E011,78.8,1.94,119.1,33,17.38,52,0
E019,102.8,3.17,129.8,445,14.26,63,1
E017,52.2,2.9,120.1,78,11.76,82,0
E008,88.7,2.53,113.4,235,16.97,46,1
E003,90.6,2.62,135.9,333,13.35,5,1
E003,66.4,4.13,123.0,376,15.58,15,0
E001,75.3,3.25,129.8,348,12.57,71,1
E005,70.0,4.26,122.4,97,12.05,17,0
E010,98.5,2.93,112.7,81,14.25,51,1
E007,91.0,1.32,144.1,454,14.04,47,1
E009,91.5,2.29,125.3,476,15.44,42,1
E007,81.2,1.14,114.7,414,13.19,38,1
E009,93.1,2.92,139.2,191,8.49,48,1
E008,79.9,3.1,100.2,252,12.7,11,0
E012,93.6,1.79,153.5,408,16.38,9,1
E002,78.5,1.98,117.3,37,13.11,70,1
E001,73.2,2.62,101.0,13,13.26,54,0
E016,98.1,1.54,148.6,391,16.96,0,1
E005,79.8,1.48,113.1,346,11.86,48,0
E003,71.0,3.49,123.6,309,9.37,35,0
E012,70.9,2.59,130.8,385,13.52,20,0
E008,70.9,2.05,137.8,208,12.55,36,0
E003,88.4,1.15,124.5,356,11.1,23,1
E001,79.0,3.18,110.3,461,13.47,54,1
E003,103.0,1.95,123.3,88,15.47,24,1
E005,91.9,3.99,113.7,55,13.97,6,1
E015,82.6,3.19,123.7,93,14.92,80,0
E014,94.0,1.85,144.4,92,19.44,70,1
E003,75.0,1.93,131.3,339,12.97,70,0
E001,61.5,3.88,123.1,84,14.84,23,0
E005,70.1,2.43,131.1,444,12.47,10,0
E014,81.5,2.09,132.2,244,11.46,72,0
E007,77.8,2.52,103.8,21,12.25,11,0
E009,88.2,2.09,120.6,290,12.56,34,1
E015,78.8,2.69,158.4,484,15.08,62,0
E015,87.5,2.44,138.2,271,21.05,67,0
E010,95.0,3.2,112.4,305,11.85,56,1
E013,78.7,2.19,111.0,121,12.75,12,0
E019,85.6,1.79,110.5,127,13.81,22,0
E007,62.5,2.22,133.0,112,15.19,82,0
E017,78.8,2.22,144.1,426,14.79,38,0
E020,67.7,2.44,128.7,272,17.85,87,0
E004,81.5,3.01,122.4,335,6.72,79,0
E005,82.4,2.96,113.3,441,6.84,11,0
E007,82.3,3.46,124.9,129,12.51,33,1
E013,75.2,1.85,107.7,131,17.29,70,0
E015,103.0,2.81,91.0,84,9.3,74,1
E011,67.3,3.08,144.6,422,4.98,30,0
E004,66.7,1.96,104.9,481,15.71,61,0
E013,96.5,2.33,115.1,349,14.73,12,1
E007,73.0,1.1,129.8,389,10.73,30,0
E019,70.6,3.23,141.5,80,11.04,1,0
E002,103.0,2.33,123.9,486,11.09,14,1
E010,89.9,3.15,102.1,472,14.33,56,1
E013,74.1,2.66,115.5,324,12.12,74,1
E006,82.2,2.35,109.8,68,15.48,33,0
E012,99.5,1.23,119.4,147,5.44,67,1
E012,86.9,1.37,138.5,447,11.43,74,0
E020,92.9,0.43,81.9,15,10.62,28,1
E011,88.0,2.05,113.8,306,13.23,65,1
E007,89.3,4.32,112.7,104,12.39,15,1
E001,80.4,1.47,101.1,164,16.39,38,0
E001,80.1,0.39,128.8,487,8.42,76,0
E020,82.7,3.27,98.8,200,14.14,36,0
E013,87.3,4.39,100.5,196,15.68,80,1
E009,77.2,2.74,132.8,425,19.57,20,0
E003,81.2,2.73,142.5,184,12.55,43,1
E007,76.9,2.25,118.9,321,14.97,18,0
E006,81.2,1.06,101.7,264,8.59,70,1
E008,67.5,1.34,109.4,362,6.82,7,0
E009,106.1,2.25,135.1,99,16.53,76,1
E005,72.7,2.09,121.7,341,13.98,65,0
E001,76.4,2.41,118.5,319,17.54,40,0
E019,71.8,3.16,124.7,213,9.88,74,0
E010,86.2,2.03,119.4,277,15.56,87,1
E012,78.0,3.18,143.2,161,19.61,69,1
E015,70.4,2.04,108.8,438,15.26,60,0
E009,86.6,3.33,107.0,156,14.83,25,1
E020,87.9,2.57,99.2,421,14.03,70,1
E017,79.3,2.15,111.9,250,9.29,82,1
E017,73.4,2.56,103.6,365,18.07,69,0
E020,101.9,2.27,123.3,96,12.17,28,1
E012,83.4,2.59,120.3,17,15.51,65,0
E007,67.3,3.11,103.8,326,9.31,18,0
E002,94.1,2.43,128.8,448,10.46,67,1
E003,71.4,2.2,142.8,382,18.31,57,0
E017,107.4,1.6,125.4,96,12.96,69,1
E005,80.8,2.96,81.8,0,18.36,56,0
E017,90.1,2.78,149.8,215,13.77,36,0
E017,59.2,1.55,131.2,131,8.47,60,0
E017,67.2,3.17,149.3,259,16.68,29,0
E002,93.3,1.54,136.4,124,12.23,70,1
E002,83.2,3.32,139.4,81,16.1,72,0
E005,100.4,3.05,123.1,282,14.08,24,1
E001,84.9,2.84,116.1,170,9.37,64,1
E001,81.5,2.2,125.6,58,14.49,5,0
E019,97.1,2.96,109.4,31,20.59,17,1
E002,90.1,3.36,126.5,160,15.48,9,1
E012,78.0,2.97,80.6,283,13.83,10,0
E006,69.1,1.96,120.6,105,17.23,64,0
E004,56.3,2.71,140.2,104,14.63,76,0
E011,75.6,3.41,121.4,438,14.63,83,1
E017,68.1,4.26,145.9,227,10.73,64,0
E006,106.0,2.34,116.0,187,14.7,51,1
E005,73.5,3.19,135.0,69,17.11,66,0
E020,73.2,3.41,106.8,317,11.49,81,1
E002,64.8,1.85,134.4,463,18.27,77,0
E006,77.3,3.93,123.5,289,13.72,30,1
E011,73.4,1.65,116.7,86,11.34,16,0
E016,97.4,3.15,81.4,369,16.99,54,1
E016,81.7,2.74,116.2,361,13.14,35,1
E001,79.9,2.54,123.2,471,16.28,25,0
E009,78.7,4.54,132.4,55,13.12,52,0
E006,87.9,2.26,143.4,112,13.82,16,0
E016,75.5,2.25,150.5,12,15.48,85,0
E003,86.7,3.57,138.7,439,14.87,24,1
E020,96.1,3.11,111.6,17,8.01,1,1
E004,84.6,3.53,115.4,181,10.64,85,1
E019,77.5,2.59,131.1,460,16.79,4,0
E003,70.5,2.75,127.8,112,13.6,3,0
E019,77.2,4.02,144.4,228,12.43,35,1
E020,85.6,1.83,157.2,170,9.92,5,0
E007,64.7,2.42,154.0,294,10.76,20,0
E020,88.3,3.14,142.4,188,7.93,76,1
E009,82.1,2.34,127.9,425,13.7,88,1
E001,78.5,2.04,140.2,464,12.2,25,1
E008,73.4,2.99,144.9,78,11.1,54,0
E007,75.2,3.57,117.8,145,13.8,38,1
E018,86.0,2.39,112.0,406,15.09,83,1
E008,78.7,2.37,108.5,181,20.28,32,0
E001,75.0,1.98,106.9,498,9.46,13,0
E011,84.7,2.26,99.3,285,17.48,55,1
E018,85.1,3.37,123.7,249,16.92,80,0
E010,67.5,2.56,105.0,353,11.66,20,0
E003,85.7,1.86,108.2,313,14.61,45,0
E007,105.0,2.71,130.5,195,12.63,15,1
E016,84.7,3.34,122.7,322,14.56,15,0
E016,63.0,2.05,126.4,70,18.53,83,0
E020,81.8,1.44,140.5,247,15.82,28,0
E017,61.7,4.25,133.0,145,15.53,7,0
E002,111.7,1.4,142.8,105,12.71,87,1
E001,102.4,2.21,121.2,262,9.55,2,1
E016,73.3,2.69,144.2,295,13.37,88,0
E012,57.5,2.28,125.4,69,17.62,18,0
E005,71.2,2.44,122.5,469,9.42,65,0
E005,78.2,2.96,141.9,192,10.83,78,0
E009,62.4,0.59,106.9,67,14.38,85,0
E009,79.3,1.49,150.4,493,11.05,73,0
E003,78.1,2.54,115.8,304,11.62,81,1
E019,81.3,2.18,101.7,51,12.73,21,1
E016,82.3,2.6,129.8,369,9.9,45,1
E016,70.3,2.68,114.3,362,11.08,12,0
E003,71.5,0.81,150.4,284,16.11,32,0
E020,80.5,3.52,113.5,404,10.08,4,1
E001,73.7,2.1,124.7,473,9.21,89,0
E020,89.1,1.81,98.6,333,12.11,76,1
E011,80.4,2.67,132.2,8,16.2,26,0
E017,98.7,2.59,108.3,250,13.41,77,1
E008,88.2,3.46,130.4,430,12.61,23,1
E004,91.0,2.72,113.6,331,14.13,66,1
E006,81.3,3.43,89.3,297,8.76,62,1
E008,81.6,1.75,122.0,434,15.48,47,0
E020,97.3,2.61,121.3,183,15.15,62,1
E003,76.2,1.61,133.2,178,12.77,77,0
E016,85.5,2.58,143.3,197,17.02,11,0
E003,77.3,2.41,148.7,127,10.62,27,0
E018,77.3,2.37,133.0,19,17.38,43,0
E014,68.3,2.38,124.2,471,14.46,42,0
E018,72.6,3.09,98.6,410,12.99,16,0
E002,70.7,1.21,123.0,421,13.94,39,0
E003,85.9,1.78,123.2,327,13.68,48,1
E016,90.4,2.47,117.0,64,17.66,84,1
E009,79.1,1.56,129.5,181,10.77,56,0
E004,82.3,2.54,136.8,240,11.71,86,0
E001,78.5,2.46,107.7,368,17.11,83,1
E004,71.9,1.38,107.5,23,12.21,63,0
E001,88.6,1.34,117.9,383,16.7,74,0
E014,86.5,0.4,110.8,430,19.1,56,1
E016,61.1,1.52,95.4,454,12.79,73,0
E020,77.2,2.51,105.1,82,16.04,73,0
E008,71.2,2.62,101.5,469,10.54,69,1
E007,76.1,2.66,138.1,318,16.26,87,0
E003,73.3,1.88,145.5,184,14.6,75,0
E017,79.5,2.49,103.6,438,15.42,42,0
E001,76.7,2.82,128.2,315,12.06,22,0
E016,76.5,1.49,133.1,98,9.02,26,0
E012,91.1,2.6,97.6,61,15.51,57,0
E019,85.6,3.03,122.4,285,7.81,36,1
E014,73.0,2.11,158.0,476,13.05,5,0
E006,74.4,3.35,130.2,21,16.82,64,0
E006,84.9,2.13,116.3,458,14.58,5,0
E013,84.9,1.81,111.6,211,19.85,49,0
E019,74.0,2.95,89.7,125,17.08,21,0
E008,77.7,4.13,127.1,412,12.04,87,1
E002,98.5,2.57,149.2,498,14.08,24,1
E001,74.1,3.01,107.8,424,13.86,78,0
E015,99.1,2.09,91.0,41,9.25,89,1
E001,91.0,1.51,110.0,97,11.18,71,1
E005,97.3,2.63,133.2,448,12.32,50,1
E016,73.7,2.76,113.6,30,7.89,87,1
E019,78.3,2.21,107.7,157,14.14,47,0
E004,75.5,3.0,120.3,111,13.25,69,0
E003,91.3,1.98,123.4,401,8.98,64,1
E017,74.3,1.78,99.2,246,15.21,59,0
E017,87.3,3.35,116.7,121,16.15,45,0
E012,86.8,3.35,112.5,272,14.68,35,1
E014,79.5,1.99,110.4,293,13.03,57,0
E006,93.0,3.88,104.7,397,15.77,75,1
E003,81.1,2.27,134.1,470,16.04,37,1
E009,88.3,2.57,110.3,472,14.92,10,1
E005,75.1,2.43,90.1,206,11.53,11,0
E017,72.8,2.92,124.0,109,14.83,41,0
E014,87.3,2.72,130.9,439,17.59,38,1
E003,84.3,2.71,108.1,277,12.21,70,1
E001,82.4,1.68,111.6,450,20.29,10,1
E020,76.6,1.15,110.3,55,12.42,35,0
E001,95.5,3.41,114.8,374,14.1,51,1
E003,68.8,2.06,136.6,402,11.98,30,0
E018,68.3,2.46,118.3,56,14.67,32,0
E010,89.4,2.76,132.6,427,8.77,12,1
E003,88.6,3.8,105.5,481,12.36,17,1
E008,83.5,2.63,114.2,290,10.72,40,1
E014,77.1,2.18,134.3,113,14.41,57,0
E018,85.0,2.08,107.9,380,16.98,55,0
E015,97.2,2.47,135.2,384,15.94,23,1
E002,105.2,1.77,110.6,307,6.89,72,1
E010,63.4,2.52,115.2,340,20.13,30,0
E002,75.8,2.46,145.1,476,14.89,54,0
E017,75.2,3.81,113.5,197,11.67,9,0
E008,96.3,2.43,122.2,420,14.47,59,1
E001,55.2,0.96,129.2,320,14.53,1,0
E009,85.1,4.64,123.4,178,12.0,14,1
E011,77.4,3.27,123.8,384,14.59,2,0
E016,96.4,4.17,119.2,218,12.18,42,1
E007,95.0,1.57,100.5,276,12.79,30,1
E010,83.7,2.32,125.2,436,11.94,69,1
E003,64.2,3.04,109.0,15,9.7,66,0
E018,74.3,2.93,131.6,491,14.44,55,0
E013,75.4,2.75,140.6,378,15.76,62,1
E007,66.7,0.74,92.9,60,15.54,74,0
E004,91.5,1.13,140.6,53,16.46,14,0
E013,65.5,3.71,113.8,167,14.97,9,0
E020,99.7,3.86,118.0,25,12.4,37,1
E001,99.6,2.41,106.3,335,16.52,46,1
E008,76.1,3.61,122.8,475,9.93,56,1
E014,83.3,1.68,121.0,64,11.3,49,0
E016,79.3,1.86,136.2,99,11.11,70,0
E014,89.0,1.62,108.9,73,17.24,14,0
E012,92.7,1.82,144.9,191,16.83,17,1
E019,82.6,3.08,130.0,170,15.46,81,1
E015,84.7,1.81,121.4,272,17.22,87,1
E002,73.8,4.29,117.3,376,11.36,1,0
E002,84.4,2.87,115.4,186,15.05,83,0
E019,81.6,3.37,116.4,22,13.62,42,0
E017,70.9,2.89,122.5,390,16.54,25,0
E020,79.9,3.47,116.9,427,13.65,70,1
E010,76.2,1.81,110.4,180,12.85,37,0
E006,73.9,3.66,122.6,326,15.62,41,0
E015,68.5,2.61,107.5,107,16.63,4,0
E011,80.6,3.47,124.8,334,11.99,10,1
E005,72.2,1.35,116.7,161,13.82,64,0
E001,75.3,2.64,130.5,301,10.82,33,0
E008,90.8,2.62,134.8,492,6.51,0,1
E012,86.3,2.0,134.8,451,14.6,82,1
E012,70.2,2.75,124.8,205,15.83,1,0
E005,83.5,3.73,126.5,77,14.79,84,1
E007,81.3,1.94,115.2,15,8.15,19,0
E004,97.0,3.27,130.2,326,12.95,60,1
E006,93.8,1.6,131.9,95,7.34,86,1
E013,64.7,4.19,96.5,146,18.11,20,0
E020,88.6,3.13,125.7,1,10.74,87,1
E015,92.7,3.88,140.5,9,17.77,67,1
E003,85.6,3.04,114.7,433,16.84,11,0
E008,76.6,2.81,111.4,124,11.3,21,0
E020,104.1,3.13,113.7,80,10.6,19,1
E016,86.5,2.39,97.4,484,15.05,81,1
E013,99.8,1.21,121.9,139,11.47,0,1
E018,93.5,2.86,120.4,325,14.31,29,1
E010,84.6,1.9,123.0,149,12.55,23,0
E019,74.2,1.62,126.2,287,8.66,13,0
E017,79.8,3.01,108.0,360,7.31,35,0
E019,77.8,2.28,124.1,339,14.68,68,0
E005,67.9,3.32,126.6,128,12.32,74,0
E009,86.5,1.87,112.7,437,12.34,23,0
E012,95.7,2.12,126.3,238,16.09,59,1
E001,77.0,3.42,121.2,57,17.52,54,0
E001,101.6,2.72,110.5,197,13.18,76,1
E015,64.4,1.32,124.2,210,12.98,79,0
E002,90.5,2.71,115.6,401,15.5,23,1
E016,96.7,3.68,130.5,389,9.93,76,1
E008,78.0,2.12,116.4,44,14.67,23,0
E013,78.1,2.98,100.7,96,15.66,53,0
E001,90.4,1.82,124.0,278,16.04,25,1
E016,85.1,2.39,123.4,22,8.19,65,1
E007,60.0,3.37,103.8,409,11.72,79,0
E005,71.6,2.68,131.3,460,11.37,37,0
E003,79.9,3.53,130.5,390,14.3,64,1
E012,66.3,2.84,107.0,334,15.44,74,0
E016,75.3,4.27,110.1,43,18.49,50,0
E019,66.6,1.25,117.9,26,12.52,34,0
E005,76.3,2.33,108.6,281,12.51,42,0
E014,76.6,1.63,129.6,96,17.45,28,0
E005,83.5,1.69,122.2,462,14.89,36,0
E015,79.1,1.69,103.6,35,17.8,80,0
E017,85.0,2.63,107.7,108,14.87,57,0
E014,83.8,2.68,137.8,54,10.53,53,1
E020,90.3,2.84,143.0,191,10.0,38,1
E005,88.7,1.6,128.1,218,9.35,41,1
E012,87.7,2.24,116.8,184,15.99,27,1
E016,111.0,1.73,113.4,68,17.57,28,1
E016,83.5,3.25,128.2,316,19.55,42,1
E007,105.9,1.8,121.1,129,16.53,2,1
E004,84.1,2.33,95.8,54,17.49,9,0
E001,79.2,2.95,135.5,377,12.26,58,1
E005,76.3,2.01,140.2,96,10.53,13,0
E010,95.1,3.06,131.1,335,16.55,75,1
E005,96.4,3.78,103.6,86,15.25,46,1
E004,86.0,2.65,110.4,293,14.32,41,1
E002,91.3,3.22,92.1,118,15.16,31,1
E020,67.2,0.84,143.9,207,14.97,31,0
E010,64.5,2.16,114.6,333,17.85,41,0
E019,92.5,2.65,155.0,412,17.88,31,1
E001,78.7,1.66,149.3,153,15.63,25,0
E005,87.5,2.67,106.4,34,16.54,0,0
E013,72.8,3.35,109.4,78,15.54,55,0
E004,96.6,1.0,127.0,66,12.62,1,0
E016,64.6,1.55,93.7,342,16.27,80,0
E016,66.1,2.65,113.4,412,9.82,29,0
E002,94.4,2.87,111.9,33,17.16,70,1
E017,53.9,3.09,147.8,96,10.42,51,0
E020,83.8,2.59,122.4,168,14.86,8,0
E012,78.9,2.87,115.7,168,11.46,21,0
E018,72.6,3.22,110.5,150,15.66,33,0
E003,78.0,2.17,133.4,70,13.9,48,0
E001,71.5,2.01,112.5,2,9.22,0,0
E001,95.4,2.37,119.2,313,15.26,72,1
E019,98.0,2.66,110.4,31,12.27,83,1
E011,73.1,1.97,97.2,286,16.64,52,0
E005,82.8,2.18,105.1,81,14.0,82,0
E012,66.7,2.82,112.5,42,15.19,39,0
E003,90.7,2.63,116.1,390,11.13,44,1
E001,90.5,2.35,116.7,104,12.23,67,1
E001,77.0,1.11,118.7,0,12.62,8,0
E008,80.2,2.5,112.7,60,16.57,21,0
E010,79.1,1.72,140.2,269,19.03,17,0
E011,63.8,3.29,134.2,179,11.58,75,0
E012,95.5,2.25,118.0,223,17.23,42,1
E013,72.3,1.7,123.8,5,7.49,38,0
E012,72.4,2.45,114.4,102,10.42,72,0
E014,78.5,3.52,77.3,9,11.12,5,0
E002,90.0,3.0,120.3,70,9.94,82,1
E019,74.1,2.68,124.6,89,9.25,47,0
E018,60.5,1.44,95.8,225,15.24,6,0
E003,71.1,3.8,127.5,157,13.36,79,0
E017,84.2,2.0,115.8,227,15.14,68,1
E008,101.9,3.25,125.1,404,16.07,15,1
E010,67.4,2.24,116.2,125,14.8,0,0
E002,67.0,3.17,138.8,443,15.97,36,0
E019,64.9,3.55,123.4,208,13.79,82,0
E009,63.6,3.02,135.0,96,10.44,36,0
E007,92.1,3.1,136.3,73,17.17,80,1
E004,94.9,2.42,103.2,114,12.23,63,1
E018,81.8,2.15,108.9,190,11.19,89,0
E013,75.3,2.61,126.8,494,13.47,85,1
E011,97.9,2.23,114.5,169,11.26,61,1
E004,81.7,4.47,116.4,306,12.75,71,1
E004,90.9,1.71,139.3,447,15.03,60,1
E010,74.8,3.3,115.3,203,15.05,32,1
E005,80.4,2.91,105.5,55,11.31,65,0
E009,67.6,2.68,107.5,207,12.54,29,0
E003,86.3,3.68,152.7,40,17.22,19,1
E017,81.9,2.74,117.3,31,15.49,59,0
E003,71.1,1.99,99.5,14,20.23,81,0
E016,71.2,2.73,93.5,61,17.54,73,0
E004,96.2,2.35,110.6,154,17.43,23,1
E018,99.7,2.9,117.1,283,9.84,3,1
E017,77.9,3.15,134.2,208,16.29,36,1
E007,80.7,1.81,132.8,319,13.84,3,0
E005,84.0,3.46,119.9,493,12.35,76,1
E012,81.5,2.3,113.2,186,14.5,88,0
E017,63.3,2.85,125.1,497,16.84,76,0
E013,84.3,2.99,93.8,441,15.5,17,1
E003,59.1,2.79,149.7,129,11.36,87,0
E009,72.7,2.41,129.8,126,16.23,65,0
E017,85.1,2.11,133.0,291,12.09,47,1
E017,86.0,2.28,103.9,113,14.65,32,1
E020,71.9,3.75,139.2,198,13.09,57,0
E016,75.4,1.81,113.1,12,13.34,82,0
E013,74.1,1.92,105.7,270,16.3,72,0
E019,79.0,1.89,119.4,88,10.88,27,0
E017,79.7,2.61,119.1,214,19.84,34,1
E004,86.7,1.28,103.8,443,8.54,9,0
E012,74.8,1.42,106.6,277,12.21,64,0
E009,83.7,2.29,105.4,446,15.11,41,1
E019,85.1,1.47,105.5,473,15.75,84,0
E012,82.0,1.53,114.2,480,13.7,8,1
E009,77.4,1.48,99.2,202,13.83,59,0
E007,81.8,1.82,109.6,73,15.23,14,0
E014,87.5,3.08,135.7,24,13.31,56,1
E020,88.4,3.26,132.3,100,18.18,68,1
E019,98.2,4.04,104.3,175,16.52,21,1
E015,70.1,4.01,134.4,426,16.62,63,0
E016,75.6,3.13,90.5,116,11.1,40,0
E005,63.9,3.32,156.4,165,13.76,86,0
E003,89.3,2.6,139.5,40,13.1,70,1
E012,76.7,2.92,111.6,428,10.98,55,0
E020,82.1,4.05,125.7,343,15.08,22,1
E004,74.0,2.8,99.0,423,12.39,24,0
E016,76.7,3.42,120.9,365,15.97,5,1
E007,92.2,1.75,117.2,119,10.79,33,0
E013,86.9,1.97,107.5,96,19.16,62,0
E010,78.9,2.75,113.0,144,11.31,8,0
E007,87.7,2.62,111.5,215,14.66,59,0
E014,87.9,2.0,103.0,228,16.38,48,1
E005,76.1,4.43,107.1,312,12.29,50,1
E003,65.3,2.64,98.4,129,16.56,59,0
E011,71.0,2.15,132.9,351,10.31,69,0
E011,66.6,2.62,106.0,376,18.36,36,0
E018,91.6,2.52,101.7,317,14.04,30,1
E015,93.4,2.65,132.6,471,12.21,40,1
E012,95.9,1.23,125.5,136,13.1,61,0
E009,59.8,3.53,132.1,323,16.43,57,0
E010,90.7,3.58,133.7,336,12.25,13,1
E012,102.1,3.68,149.1,272,11.75,35,1
E017,91.1,2.76,117.7,116,13.34,35,1
E006,58.5,3.03,98.1,305,10.47,78,0
E007,97.7,1.81,124.1,367,19.46,7,1
E014,80.4,3.17,110.0,93,12.3,25,0
E013,77.7,2.7,105.6,167,16.49,35,0
E008,84.5,2.13,121.5,441,14.63,47,0
E010,69.5,3.19,133.0,202,11.05,84,0
E009,80.0,3.22,107.5,340,13.98,27,1
E018,96.2,2.55,139.1,148,16.35,67,1
E002,86.2,2.85,105.2,401,13.44,61,1
E005,80.6,1.67,116.3,182,17.58,79,1
E005,80.9,3.49,125.8,412,17.06,85,0
E006,68.2,1.78,114.2,151,16.76,75,0
E019,78.5,1.94,93.4,73,12.62,79,0
E008,63.7,2.55,133.9,364,10.76,50,0
E016,90.2,3.39,110.6,400,12.16,41,1
E013,58.1,3.39,131.2,273,14.59,28,0
E001,88.5,2.5,101.0,41,15.64,81,1
E020,89.8,3.12,103.6,495,7.49,9,1
E017,93.2,1.15,132.9,211,13.98,38,0
E007,80.9,1.92,125.1,100,14.47,81,0
E013,89.2,1.94,113.4,44,13.17,0,1
E004,78.4,3.5,125.3,81,17.87,38,1
E004,68.1,3.02,105.7,16,15.27,20,0
E006,95.3,2.65,121.7,72,17.93,64,1
E019,79.0,2.73,121.9,13,13.35,14,0
E012,65.9,3.75,114.4,432,16.81,3,0
E007,75.3,2.36,107.5,156,18.91,59,0
E010,75.7,1.45,121.1,222,17.94,60,0
E019,84.6,3.37,119.2,131,10.72,19,1
E007,103.5,2.65,113.0,337,13.24,9,1
E003,85.2,3.26,104.5,403,12.96,86,1
E013,82.1,2.46,120.2,375,15.47,33,1
E013,104.6,1.83,113.1,375,16.06,47,1
E018,89.8,2.82,104.5,46,11.48,32,1
E020,82.5,2.51,120.7,106,14.2,60,0
E008,75.2,2.65,144.1,107,7.94,9,0
E009,83.2,3.79,114.5,264,18.33,53,1
E007,79.3,1.62,142.5,204,12.46,83,0
E001,80.9,2.73,151.7,78,14.17,64,0
E003,93.1,1.84,105.7,154,13.07,76,1
E013,74.6,0.43,120.1,270,17.44,0,0
E017,85.1,2.46,151.6,475,5.49,4,1
E001,89.5,2.52,118.2,484,13.95,79,1
E006,73.4,3.0,120.6,246,13.68,14,0
E006,71.8,2.33,94.9,18,12.64,27,0
E012,78.5,1.31,112.0,345,19.18,22,0
E013,75.4,1.84,128.3,435,11.34,16,0
E013,91.5,3.55,156.4,25,16.32,12,1
E015,70.0,1.83,117.1,216,15.07,13,0
E016,80.7,3.77,95.1,153,17.78,10,1
E011,105.5,3.34,98.9,153,12.0,27,1
E005,84.1,2.25,119.5,173,11.8,41,1
E004,85.8,1.92,137.7,91,17.29,60,0
E003,91.6,3.34,129.6,432,15.28,63,1
E019,75.4,2.31,126.9,337,9.37,30,0
E020,69.2,1.26,139.6,479,12.38,80,0
E018,81.8,2.95,109.2,180,15.16,72,1
E015,82.7,2.83,120.3,130,16.51,9,0
E009,63.8,3.41,112.2,449,11.96,7,0
E017,83.8,2.78,115.9,480,5.26,20,1
E014,90.7,2.06,104.9,297,15.57,76,1
E015,70.9,3.52,114.8,274,10.34,58,0
E001,84.4,3.59,119.6,272,7.95,49,1
E003,88.9,2.69,114.4,491,5.5,68,1
E016,85.9,2.55,117.6,416,16.44,69,0
E011,86.8,1.44,126.1,75,14.39,29,0
E012,77.6,2.01,138.6,176,13.32,16,0
E010,68.7,3.11,139.7,183,18.17,74,0
E016,75.5,2.05,131.4,318,15.91,19,0
E008,74.1,1.33,101.1,130,18.85,47,0
E006,79.2,5.3,114.6,362,9.82,72,1
E012,90.9,1.33,115.9,48,13.9,1,0
E008,66.9,4.31,110.1,54,9.15,36,0
E004,81.4,2.25,125.1,153,13.31,0,0
E008,69.4,2.43,96.1,354,13.25,3,0
E018,72.6,1.96,145.4,199,15.88,53,0
E005,85.6,3.13,137.9,307,14.14,24,1
E009,68.1,1.35,127.2,355,15.87,2,0
E004,87.3,1.03,119.1,372,16.11,8,1
E017,66.5,3.79,138.4,117,20.46,85,0
E009,86.7,1.86,130.3,262,13.05,86,1
E001,64.5,3.1,136.6,45,11.18,75,0
E020,73.8,1.63,119.1,301,14.74,73,0
E013,99.0,3.07,146.8,355,11.59,33,1
E016,97.1,3.85,137.5,399,18.45,42,1
E013,75.9,2.08,127.6,407,13.15,73,0
E014,83.9,0.95,138.8,188,12.3,21,1
E003,92.0,3.85,113.7,309,12.59,69,1
E006,86.8,3.24,102.5,317,16.16,1,1
E018,77.3,2.12,124.8,128,13.53,65,0
E019,72.5,2.33,119.1,48,12.07,31,0
E005,88.7,1.61,117.0,24,19.0,15,0
E015,91.3,3.64,138.2,265,11.43,75,1
E002,97.2,2.07,122.5,117,14.11,0,1
E010,63.1,1.37,124.0,463,15.96,71,0
E018,67.5,2.67,115.1,143,9.11,47,0
E013,91.6,1.81,133.2,441,15.44,49,1
E005,64.5,1.68,130.5,199,10.83,12,0
E001,92.4,2.16,133.1,156,16.47,14,1
E001,77.9,2.57,112.5,486,11.11,52,1
E018,74.8,1.4,139.6,347,16.08,43,0
E015,82.1,3.61,147.6,133,17.32,7,1
E017,66.5,3.04,132.6,399,16.58,73,0
E011,88.2,2.21,107.9,147,14.75,45,1
E017,96.9,1.78,108.0,335,13.31,68,1
E013,88.7,2.43,114.4,70,12.27,18,1
E001,77.5,3.22,111.5,232,18.41,37,0
E002,64.6,3.1,118.9,333,11.9,10,0
E009,65.0,3.35,129.5,298,10.89,42,0
E003,66.7,2.12,124.3,153,16.0,19,0
E001,79.9,0.16,123.0,89,11.61,19,0
E016,81.1,3.5,116.4,333,11.15,20,0
E006,88.7,2.37,118.9,198,9.67,81,1
E017,62.0,3.03,131.9,160,12.55,56,0
E005,93.1,3.84,89.8,25,13.75,49,1
E005,86.9,4.45,119.8,120,14.73,73,1
E006,76.7,1.98,124.3,300,16.85,25,0
E003,68.1,2.61,131.8,211,15.58,29,0
E005,92.5,3.59,104.8,62,13.43,72,1
E005,77.0,1.82,104.1,450,13.41,30,0
E010,79.8,2.03,128.8,435,15.53,41,1
E010,83.8,2.03,91.4,67,17.82,67,0
E019,70.9,2.48,140.0,252,14.38,60,0
E017,77.2,2.32,123.4,409,12.59,60,0
E014,88.7,2.02,143.4,458,11.02,69,1
E009,87.6,1.73,103.7,1,9.66,77,1
E014,87.7,3.15,113.5,397,16.0,67,1
E001,68.4,3.57,83.9,107,15.73,89,0
E019,77.6,3.69,108.1,285,15.73,16,1
E013,76.0,2.12,117.2,48,13.61,18,0
E013,84.3,3.18,90.6,139,18.22,50,0
E004,83.4,2.69,114.1,217,12.55,69,1
E001,81.6,2.04,90.2,43,16.87,62,0
E017,104.7,3.09,116.1,416,13.88,74,1
E008,77.1,2.01,137.2,268,12.17,79,0
E002,75.9,2.2,119.5,77,15.78,29,0
E008,68.4,1.4,144.9,215,15.23,24,0
E007,64.6,2.13,131.8,381,15.07,74,0
E002,67.8,2.7,140.2,97,14.24,70,0
E003,72.8,3.76,108.5,235,13.89,25,0
E018,93.1,2.22,108.2,281,21.17,55,1
E012,80.4,1.67,125.2,148,17.55,21,0
E001,81.9,3.7,96.3,411,16.17,88,1
E012,79.0,2.1,127.1,303,14.34,18,0
E005,83.7,1.1,115.1,483,17.02,30,0
E017,94.0,2.61,139.9,423,15.55,25,1
E016,60.1,2.24,130.2,65,14.08,41,0
E015,92.2,4.34,136.5,233,13.09,40,1
E015,54.8,2.88,108.7,456,13.76,22,0
E005,80.3,2.38,135.7,86,4.49,46,1
E014,101.9,1.76,141.7,78,14.63,12,1
E002,86.8,2.76,119.4,204,12.53,88,1
E011,83.7,3.67,108.9,278,18.78,65,1
E019,100.0,2.75,109.2,336,14.06,65,1
E007,73.0,1.82,138.6,253,10.43,15,0
E006,84.3,2.93,160.3,303,13.85,72,1
E002,85.8,2.46,105.3,379,10.86,27,1
E006,74.8,2.86,104.1,129,15.42,76,0
E018,75.7,2.22,133.8,83,14.87,34,0
E002,74.6,2.2,108.7,275,16.87,40,0
E018,80.9,2.17,135.3,186,11.63,76,0
E015,85.5,3.25,127.0,45,14.1,30,0
E019,81.2,2.21,119.6,386,9.9,84,1
E002,87.1,2.13,126.6,182,16.1,31,0
E020,60.3,1.75,125.7,267,15.56,53,0
E006,77.8,2.86,117.3,295,15.49,71,0
E001,69.8,2.75,93.7,321,14.0,58,0
E015,83.0,2.14,122.7,99,15.24,40,0
E010,82.9,1.93,143.6,77,18.81,65,0
E019,78.8,4.0,95.9,271,13.14,53,0
E017,85.1,1.0,105.5,338,14.42,39,1
E005,90.0,2.89,126.4,161,10.74,27,1
E004,79.4,3.53,120.6,43,11.4,36,0
E010,69.5,-0.21,126.2,237,14.29,64,0
E017,64.2,3.14,109.5,133,17.31,73,0
E010,80.4,2.32,137.4,460,13.23,54,1
E017,82.4,2.7,120.7,191,13.29,3,1
E020,70.3,2.24,130.5,355,12.78,9,0
E005,87.3,3.36,124.8,277,12.4,46,1
E002,75.4,2.79,122.6,17,14.88,74,1
E006,63.4,2.61,129.4,11,9.51,13,0
E002,92.6,1.78,122.8,179,17.84,37,1
E013,91.4,4.01,102.1,122,12.0,11,1
E011,59.8,2.51,136.3,245,16.17,44,0
E011,74.4,4.33,132.3,221,10.19,16,0
E016,74.0,4.04,88.4,372,16.01,79,0
E011,96.4,1.08,110.2,50,16.02,34,0
E019,79.0,1.98,135.6,487,15.15,65,0
E015,65.0,1.67,92.6,70,11.02,74,0
E016,88.8,2.46,134.2,479,14.75,40,1
E011,67.7,2.65,117.9,47,10.45,66,0
E016,77.4,2.68,140.1,18,13.24,28,0
E008,72.3,3.34,120.0,261,17.09,17,0
E004,74.4,3.69,109.2,83,16.39,19,0
E008,89.4,3.27,124.6,154,14.05,13,0
E004,95.2,2.05,119.5,52,11.08,33,1
E003,67.3,1.87,107.8,106,15.94,48,0
E003,86.3,2.5,153.3,356,14.06,53,1
E018,72.7,2.84,105.4,303,7.04,30,0
E019,73.0,2.35,86.4,134,16.35,57,0
E019,84.9,1.42,143.7,442,13.93,41,1
E005,69.7,3.05,111.2,68,17.61,57,0
E018,84.7,2.19,115.5,10,10.71,81,0
E010,87.3,2.16,114.6,142,4.47,29,1
E006,75.7,2.46,111.5,191,14.84,24,0
E001,93.3,2.31,108.5,386,14.87,62,1
E005,67.3,2.21,105.0,377,8.93,18,0
E009,93.5,1.48,121.0,68,11.06,71,1
E012,60.6,2.41,114.0,22,22.27,7,0
E014,107.0,3.06,131.0,180,13.08,2,1
E002,75.9,2.71,127.2,292,16.19,66,1
E017,68.4,3.26,106.1,8,12.05,85,0
E014,77.7,1.92,121.6,270,7.73,80,0
E013,69.5,1.48,113.7,386,13.49,16,0
E009,83.9,2.3,105.1,92,13.2,13,0
E015,93.7,2.01,130.3,453,12.8,8,1
E015,70.1,2.09,118.2,16,13.66,61,0
E011,85.8,2.67,113.9,153,14.79,20,0
E016,64.7,2.1,107.2,404,13.55,75,0
E017,90.3,1.5,104.6,327,10.21,36,1
E004,84.2,2.05,149.8,148,15.46,10,0
E001,90.8,2.77,125.0,376,8.15,19,1
E008,78.8,3.04,103.6,266,7.85,34,0
E017,75.6,3.03,124.3,421,16.22,52,0
E003,88.2,2.84,135.9,327,15.52,46,1
E020,66.9,2.37,122.5,105,13.83,74,0
E015,62.6,2.82,140.6,471,9.81,51,0
E015,80.0,2.47,96.9,380,11.88,7,0
E014,76.1,2.59,90.1,34,13.21,3,0
E014,85.5,1.75,123.9,118,9.21,26,0
E002,90.9,2.54,124.1,13,11.78,43,1
E013,85.3,2.8,69.9,13,15.96,39,1
E014,90.1,2.77,110.6,265,18.28,46,1
E019,83.2,1.47,104.9,139,12.74,43,0
E007,84.9,2.58,99.1,293,16.27,47,1
E003,78.8,1.34,104.8,363,8.26,84,0
E015,84.7,2.64,128.9,118,15.98,51,0
E014,81.7,1.94,104.7,237,11.59,83,1
E011,83.3,3.86,105.3,33,14.92,67,0
E015,78.3,2.6,95.7,168,13.26,10,0
E013,88.1,3.14,139.0,9,17.96,76,1
E018,72.9,4.19,126.5,121,11.38,72,0
E006,79.8,1.85,82.6,400,15.88,3,0
E003,93.1,2.85,105.3,144,13.16,75,1
E019,70.5,1.55,127.9,450,13.53,72,0
E015,58.4,2.78,139.2,445,13.45,76,0
E005,83.7,3.91,132.6,222,11.46,47,1
E010,77.4,2.0,114.7,370,13.96,25,0
E007,90.1,1.79,91.0,256,13.81,76,1
E017,78.7,2.43,133.1,267,14.72,38,0
E007,74.0,4.14,115.5,358,14.25,57,1
E012,79.2,3.12,121.0,3,16.39,18,0
E017,90.9,1.78,117.3,425,16.77,87,1
E013,85.8,3.66,99.7,396,10.85,82,1
E020,55.7,1.18,125.5,353,16.61,76,0
E004,81.9,4.21,123.4,105,10.44,76,1
E010,82.4,3.19,113.6,84,15.76,57,1
E003,79.8,3.91,127.1,213,15.86,27,0
E009,73.9,1.18,99.4,120,8.27,65,0
E013,91.9,2.64,116.0,131,14.28,9,1
E018,92.4,2.39,120.4,337,12.59,85,1
E015,58.0,1.69,94.0,196,11.72,76,0
E004,72.0,1.46,119.1,18,18.05,57,0
E015,78.6,2.91,131.0,129,12.04,72,0
E002,89.5,2.98,115.5,11,11.58,13,0
E015,80.3,3.54,119.5,80,14.23,83,0
E008,73.2,2.1,128.4,329,16.06,14,0
E008,87.1,2.39,114.2,353,13.58,32,1
E017,77.9,1.39,115.5,261,17.5,16,0
E012,78.8,3.73,102.3,391,15.59,23,1
E019,79.7,2.56,119.8,124,7.47,29,0
E010,85.7,3.08,115.0,306,12.41,61,1
E009,76.9,3.11,127.5,266,12.31,12,0
E005,86.9,3.67,128.5,446,15.44,61,1
E006,79.3,1.83,131.9,440,6.13,46,0
E020,69.3,3.06,112.4,382,21.65,15,0
E002,79.6,2.48,87.4,139,15.59,65,0
E013,69.8,4.18,131.1,328,14.45,80,1
E006,80.4,1.83,126.5,1,17.54,42,0
E005,88.3,3.44,110.5,7,21.03,7,1
E001,69.3,2.78,128.3,249,16.61,2,0
E006,83.6,2.74,98.3,138,16.85,11,0
E006,71.7,2.54,135.5,123,14.39,83,0
E016,82.0,3.58,115.0,308,13.58,15,1
E004,88.6,2.71,107.6,227,12.57,77,1
E011,58.7,1.28,110.7,9,11.52,79,0
E009,68.9,3.48,116.5,468,11.94,58,0
E003,76.3,3.33,119.8,211,9.95,48,1
E019,83.2,2.97,120.7,111,13.77,62,0
E008,78.3,1.6,113.6,7,8.95,61,0
E005,79.5,1.72,123.0,291,14.57,48,0
E004,100.4,1.0,120.1,476,13.89,50,1
E006,67.9,2.87,110.3,361,14.44,32,0
E002,91.4,1.42,108.0,459,12.43,29,1
E020,76.5,1.12,129.1,252,23.23,58,0
E011,85.5,3.52,127.9,13,18.08,75,0
E004,101.3,3.11,120.9,239,10.27,14,1
E015,86.9,2.23,133.9,437,14.7,81,0
E006,83.7,2.39,90.6,241,12.18,22,0
E017,96.0,0.57,111.5,468,10.96,77,1
E006,91.2,3.23,102.7,341,9.98,44,1
E019,72.0,1.95,153.8,148,15.3,61,0
E002,82.9,2.76,130.7,235,11.96,78,0
E015,62.8,0.51,118.8,305,16.9,70,0
E011,74.6,3.28,131.8,477,16.98,14,0
E008,83.1,1.9,136.7,166,18.12,45,0
E019,74.0,1.4,136.6,19,11.44,63,0
E013,82.7,2.23,133.8,215,15.43,45,0
E012,79.9,2.02,116.1,342,15.9,55,1
E005,85.4,3.36,112.5,134,12.58,43,1
E006,75.8,2.16,105.6,392,11.68,74,0
E004,70.6,3.59,127.5,128,18.83,28,0
E019,94.8,2.76,117.6,409,14.68,61,1
E020,75.0,3.22,113.7,421,15.91,88,0
E001,86.6,2.5,112.9,293,11.53,51,1
E020,94.4,3.52,141.8,245,10.34,53,1
E017,81.6,1.58,134.3,188,12.29,87,1
E012,71.4,2.59,147.5,43,13.63,56,0
E015,78.2,2.18,127.9,85,10.81,82,1
E001,90.2,3.62,120.9,43,13.97,65,1
E014,82.1,3.7,119.6,329,8.93,21,0
E006,67.9,2.5,104.7,374,10.64,19,0
E005,86.0,1.47,101.1,445,16.01,32,0
E011,87.7,2.84,127.6,377,15.81,71,1
E004,76.4,1.17,106.0,389,12.82,24,0
E013,86.1,3.8,123.2,144,10.95,45,1
E011,82.5,2.12,136.7,50,10.92,72,0
E003,78.0,2.48,110.0,241,12.88,56,0
E001,67.1,1.96,150.2,293,15.93,86,0
E006,90.8,1.78,105.1,407,16.78,4,1
E018,87.6,3.09,134.9,50,12.51,54,1
E010,85.8,2.37,126.4,265,10.54,60,1
E005,95.4,2.53,137.9,119,14.8,88,1
E010,89.5,1.7,103.3,199,11.53,7,1
E012,86.9,3.18,154.6,404,12.45,15,0
E002,57.9,3.27,117.3,247,17.98,47,0
E013,92.0,2.33,130.1,69,16.48,60,1
E008,80.8,3.51,141.7,340,14.47,14,1
E002,83.1,2.42,110.9,56,10.18,64,1
E020,83.2,3.12,132.4,381,14.63,21,0
E001,87.7,1.2,108.4,38,17.19,2,1
E005,91.2,2.78,141.0,471,12.87,53,1
E009,86.3,2.28,108.6,288,18.05,13,0
E017,84.8,2.62,120.6,442,17.88,35,1
E009,82.3,2.59,124.6,17,18.99,81,1
E011,46.5,2.6,131.8,439,14.92,81,0
E015,77.1,2.99,149.5,219,15.76,66,1
E006,70.6,2.05,113.2,312,18.24,9,0
E003,92.1,2.96,137.1,243,15.34,48,1
E017,86.2,3.49,149.6,351,12.5,64,1
E005,75.4,1.37,122.5,459,12.65,56,0
E012,76.4,1.88,111.7,303,14.72,26,0
E018,76.1,1.91,94.0,297,10.13,74,1
E014,75.9,1.63,148.2,282,13.57,4,0
E011,65.6,2.12,116.3,73,17.29,70,0
E009,63.4,3.33,105.0,109,7.43,82,0
E002,80.3,3.66,99.6,179,18.6,56,0
E012,90.8,2.58,105.0,425,17.37,14,1
E003,74.6,2.24,133.8,31,12.62,75,0
E003,83.0,3.14,135.9,233,15.63,29,1
E001,87.3,0.61,129.8,281,14.01,19,0
E008,70.1,1.66,122.0,24,17.69,36,0
E008,79.8,0.64,101.3,330,16.95,2,0
E011,73.3,1.65,109.1,278,9.8,72,0
E009,96.1,1.89,103.4,225,15.76,40,1
E005,95.6,3.68,128.6,56,13.38,38,1
E014,70.1,0.29,104.1,179,14.25,25,0
E003,83.9,2.17,109.3,231,11.82,1,0
E005,90.7,3.0,117.2,381,19.24,22,1
E005,88.5,2.83,95.0,342,17.12,22,1
E019,80.8,3.67,120.7,476,11.78,84,1
E014,93.1,2.63,118.4,286,10.0,15,1
E004,71.0,2.8,137.8,63,12.84,8,0
E013,77.0,1.03,107.7,454,15.3,12,0
E010,71.2,1.71,100.5,231,14.72,27,0
E018,87.8,1.07,114.4,288,17.76,26,0
E008,74.2,2.96,103.5,212,16.37,50,0
E008,78.3,2.78,120.6,257,16.91,63,1
E007,86.2,2.75,92.1,17,14.98,51,0
E008,87.0,1.79,110.9,174,9.83,80,1
E014,70.9,1.72,106.1,416,13.41,37,0
E019,90.6,2.67,128.5,228,17.18,64,1
E006,84.6,1.96,107.8,225,13.85,17,1
E001,69.2,1.68,94.0,83,15.51,62,0
E015,66.7,2.09,117.0,290,13.04,50,0
E001,79.8,1.97,124.8,434,10.91,8,0
E017,88.5,1.81,115.9,369,13.63,12,1
E001,88.8,1.52,110.8,245,14.93,39,1
E015,83.6,2.86,109.9,401,12.03,54,1
E002,80.5,3.74,121.7,109,13.29,78,1
E014,85.1,2.47,106.7,253,11.18,42,0
E008,71.4,2.68,115.1,87,17.36,43,0
E008,96.9,2.93,131.3,71,13.12,67,1
E019,96.7,2.79,100.5,380,18.36,32,1
E007,84.3,1.82,119.3,29,18.59,23,0
E019,82.0,3.88,93.2,171,13.76,35,0
E006,75.9,1.89,123.4,308,10.97,9,0
E006,85.3,3.02,105.3,393,7.74,19,1
E003,73.1,2.92,135.3,342,9.58,74,1
E007,57.8,0.93,97.8,435,9.88,11,0
E019,52.9,2.21,126.6,176,18.14,61,0
E008,72.0,2.55,138.3,138,14.35,17,0
E010,81.6,2.61,104.5,193,15.17,62,1
E020,83.3,2.74,107.1,185,7.34,83,1
E015,75.1,3.11,105.8,217,10.41,24,0
E015,81.4,2.49,112.7,163,16.66,11,0
E001,77.3,2.78,127.8,160,14.86,20,0
E020,70.0,2.46,111.5,430,13.56,24,0
E007,79.5,1.69,103.2,12,15.69,10,0
E004,88.1,2.53,89.7,295,18.91,63,1
E006,70.5,3.1,144.0,88,13.34,72,0
E001,70.5,3.39,145.2,323,14.21,49,1
E005,69.3,2.93,128.4,41,14.58,61,0
E001,60.6,3.57,107.8,402,21.18,88,0
E004,75.2,2.84,131.2,209,7.7,48,0
E002,87.1,3.19,134.2,228,16.05,13,1
E010,81.7,3.25,116.2,349,13.66,0,1
E005,78.3,2.32,120.6,274,15.7,80,0
E010,81.3,3.08,138.5,441,12.03,24,0
E001,75.1,1.75,95.4,278,13.85,58,0
E006,60.5,2.78,135.0,250,16.13,71,0
E013,87.8,2.96,115.4,309,23.34,68,1
E015,90.7,3.34,103.3,207,16.42,4,1
E004,72.7,3.16,104.5,320,11.46,18,0
E013,78.5,3.35,107.0,139,12.73,22,0
E020,77.6,2.42,101.8,279,12.64,8,0
E015,83.5,2.22,146.6,33,8.61,49,1
E008,96.9,2.28,127.4,308,13.01,15,1
E005,91.6,2.71,136.0,391,16.2,32,1
E015,76.2,1.05,128.4,17,10.18,1,0
E004,85.4,3.57,120.9,56,17.15,13,1
E012,92.5,2.54,121.1,111,15.46,0,0
E013,84.1,2.17,114.0,4,11.8,89,1
E002,80.0,0.48,115.3,409,13.58,57,0
E019,84.5,2.47,98.9,413,18.79,88,1
E019,73.0,2.34,136.2,181,16.2,15,0
E004,74.4,1.78,92.8,12,14.03,78,0
E004,69.4,1.96,104.1,338,13.29,89,0
E011,83.1,2.48,150.2,284,14.23,46,0
E005,78.7,2.03,122.0,258,12.46,43,0
E020,71.8,2.96,122.7,89,7.69,79,0
E011,78.4,1.9,129.6,103,20.13,13,0
E010,84.7,2.62,96.9,378,14.47,23,1
E008,99.1,3.44,99.1,185,15.19,54,1
E006,90.1,2.47,113.3,249,13.83,14,0
E006,57.2,2.78,106.4,254,11.79,82,0
E008,82.4,2.73,118.9,75,13.44,71,1
E015,94.3,2.51,127.3,385,9.2,33,1
E014,66.6,2.45,140.8,458,20.83,1,0
E011,85.5,2.04,132.2,107,10.3,26,0
E012,77.6,2.62,105.1,155,10.9,73,0
E013,91.5,2.27,114.4,81,12.68,86,1
E008,84.0,3.74,110.3,76,17.86,71,1
E018,71.2,3.15,104.8,484,14.04,22,0
E001,78.0,1.34,101.3,469,10.29,67,1
E015,78.6,1.38,145.0,459,17.76,13,0
E008,78.8,2.4,120.2,257,16.19,62,1
E011,91.2,2.18,116.6,126,15.62,64,1
E012,71.6,2.35,127.3,484,16.15,67,0
E012,90.0,3.02,128.0,390,21.18,62,1
E004,77.0,2.75,136.8,281,20.56,89,0
E016,82.2,2.74,108.8,473,11.94,80,1
E004,80.7,3.66,126.0,87,18.87,86,1
E005,79.8,1.39,106.3,203,15.15,63,0
E005,79.9,2.58,117.1,15,15.5,31,0
E008,94.6,2.04,120.9,150,8.92,78,1
E010,88.4,3.65,122.3,423,13.49,12,1
E017,76.4,0.73,121.7,253,11.56,65,0
E009,95.8,0.77,132.0,187,16.48,18,1
E019,82.7,2.74,111.0,328,17.21,23,0
E014,83.6,3.4,122.7,31,7.78,87,1
E008,71.6,3.12,108.6,270,13.93,10,0
E009,75.0,1.86,163.8,484,17.37,58,0
E011,73.1,3.71,106.3,396,13.44,85,0
E001,80.9,1.51,109.5,4,16.19,14,0
E014,86.4,3.55,133.2,458,15.05,9,1
E005,83.7,1.62,113.6,329,15.02,40,1
E014,95.9,2.22,133.2,307,13.19,26,1
E004,71.1,3.01,122.3,332,10.35,59,1
E001,81.1,1.33,114.0,168,10.64,72,0
E019,67.2,3.68,108.7,180,16.13,51,0
E008,70.8,2.21,108.2,365,14.06,27,0
E015,92.6,2.61,114.1,177,13.58,64,1
E015,75.4,3.43,117.4,142,12.73,16,0
E009,72.0,1.87,107.5,361,13.08,43,0
E009,58.7,3.35,118.4,247,17.14,9,0
E010,71.9,3.81,103.6,126,12.99,62,0
E020,77.9,1.98,131.3,262,9.98,81,1
E009,66.4,3.6,134.2,39,16.23,46,0
E003,77.4,1.09,109.4,411,13.39,37,0
E020,92.7,2.81,108.6,415,14.09,69,1
E011,72.9,1.52,122.7,354,18.82,75,0
E006,70.6,3.25,139.0,254,13.94,52,0
E002,68.8,3.19,142.3,142,14.87,77,0
